,bridge,code,colour,fclass,geometry,houses,layer,linewidth,maxspeed,name,oneway,osm_id,ref,road_index,status,tunnel
0,F,5113,Red,primary,"LINESTRING (-1.2276444 51.6069008, -1.2276806 51.6068775, -1.2277274 51.6068634, -1.2277898 51.6068607, -1.2278392 51.6068707, -1.2278802 51.6068907, -1.2279104 51.6069226, -1.2279185 51.6069545, -1.2278988 51.606999, -1.2278655 51.6070239, -1.2278206 51.6070402, -1.2277904 51.6070449, -1.2277384 51.607044, -1.22769 51.6070321, -1.2276544 51.6070131, -1.2276281 51.6069852, -1.2276188 51.6069534, -1.2276275 51.6069215, -1.2276444 51.6069008)",,0,3,48,,B,4436744,,3681,No,F
1,F,5113,Red,primary,"LINESTRING (-1.2298843 51.6169309, -1.2299075 51.6168984, -1.2299473 51.6168727, -1.2299988 51.6168571, -1.2300817 51.6168557, -1.2301345 51.6168696, -1.2301764 51.6168939, -1.2302025 51.6169256, -1.2302094 51.616961, -1.2302026 51.6169853, -1.2301767 51.617017, -1.2301349 51.6170414, -1.2300822 51.6170554, -1.230005 51.6170551, -1.2299526 51.6170407, -1.2299112 51.6170161, -1.2298859 51.6169841, -1.2298798 51.6169487, -1.2298843 51.6169309)",,0,3,80,,B,4815437,,6109,No,F
2,F,5113,SpringGreen,primary,"LINESTRING (-1.2277904 51.6070449, -1.2277518 51.6074035, -1.2276734 51.6076347, -1.2275359 51.6078975, -1.2272849 51.6083629, -1.2269637 51.6090195, -1.2268585 51.6092072, -1.2267457 51.6094123, -1.226656 51.6095643, -1.2264162 51.6099876, -1.2262406 51.6103258, -1.2259458 51.6108937, -1.2258596 51.6110533, -1.2253935 51.6120931, -1.2254561 51.6122627)",,0,3,48,Abingdon Road,B,4815493,A4130,6110,Yes,F
3,F,5113,SpringGreen,primary,"LINESTRING (-1.2254186 51.6124001, -1.2253452 51.61245, -1.2251151 51.6127021, -1.2248783 51.6130293, -1.2245245 51.6136687, -1.2242252 51.614235)",,0,3,48,Abingdon Road,B,4815494,A4130,6111,Yes,F
4,F,5113,Red,primary,"LINESTRING (-1.2242252 51.614235, -1.2243207 51.6142783, -1.2245323 51.6143793, -1.2249744 51.6147159, -1.2257154 51.615211, -1.2266807 51.61571, -1.2279381 51.6162644, -1.2295169 51.6168305, -1.2298843 51.6169309)",,0,3,80,Northern Perimeter Road,B,4815495,A4130,6112,No,F
5,F,5113,Red,primary,"LINESTRING (-1.2302026 51.6169853, -1.231804 51.6174662, -1.2329066 51.6178143, -1.2331433 51.617889)",,0,3,80,Northern Perimeter Road,B,4815496,A4130,6113,No,F
6,F,5115,SpringGreen,tertiary,"LINESTRING (-1.2387791 51.6108184, -1.2388943 51.6106632, -1.2389525 51.6105806)",,0,1,0,Cow Lane,F,5931993,,6962,Yes,F
7,F,5113,Red,primary,"LINESTRING (-1.238572 51.6209336, -1.2396618 51.6211866, -1.2411432 51.6214607, -1.242119 51.621707, -1.2430637 51.622065)",,0,3,80,Northern Perimeter Road,B,19783830,A4130,8943,No,F
8,F,5113,Red,primary,"LINESTRING (-1.238572 51.6209336, -1.2385572 51.6209661, -1.2385253 51.6209936, -1.2384801 51.6210126, -1.2384273 51.6210209, -1.2383653 51.621016, -1.2383175 51.6209997, -1.2382816 51.6209742, -1.2382618 51.6209426, -1.238266 51.6208947, -1.238291 51.6208646, -1.2383311 51.6208416, -1.2383814 51.6208286, -1.2384358 51.620827, -1.2384684 51.6208318, -1.2385159 51.6208485, -1.2385512 51.6208743, -1.2385702 51.620906, -1.238572 51.6209336)",,0,3,80,,B,19783833,,8944,No,F
9,F,5122,Red,residential,"LINESTRING (-1.2384684 51.6208318, -1.2386655 51.6205831, -1.2390002 51.6203006, -1.2391289 51.6201781, -1.2392062 51.6200608, -1.2393779 51.619837, -1.2394894 51.6196079, -1.2395409 51.6194427, -1.2395807 51.6192705, -1.2395839 51.618995, -1.2395409 51.6188298, -1.239498 51.6186859, -1.2393779 51.6184728, -1.2391804 51.618201, -1.2390775 51.6179825, -1.2390689 51.6178119, -1.2390689 51.6176308, -1.2391118 51.6174442, -1.2392148 51.6172684, -1.2393779 51.6170872, -1.2396073 51.6168814, -1.2397298 51.6167781, -1.2399186 51.6166715, -1.2403306 51.6165116, -1.2405366 51.6164103, -1.2407597 51.6162984, -1.2410086 51.6161598, -1.2412747 51.6159893, -1.2414721 51.6158241, -1.2416009 51.6156908, -1.2416781 51.6156322, -1.2416352 51.6156002, -1.2416438 51.6155629, -1.241661 51.615531, -1.2417296 51.6155043, -1.2417983 51.6155096, -1.2418412 51.615531, -1.2418498 51.6155736, -1.2418326 51.6156216, -1.241764 51.6156429, -1.2416781 51.6156322)",,0,1,0,Avon Way,B,24619445,,13325,No,F
10,F,5122,Red,residential,"LINESTRING (-1.2416438 51.6155629, -1.2415161 51.6155233, -1.2414206 51.6154937, -1.241043 51.6153444, -1.2408357 51.6152768, -1.2406997 51.6152325, -1.2405022 51.6151632, -1.240116 51.6150673, -1.2397984 51.6149714, -1.2394465 51.6148434, -1.238923 51.6146729, -1.2385862 51.6145684, -1.2384938 51.6145397, -1.2380561 51.6143851, -1.2376441 51.6142039, -1.2374238 51.6140819, -1.2372596 51.6140069, -1.2371583 51.6139558, -1.2370862 51.6139108, -1.2368544 51.6138042, -1.2367349 51.6137671, -1.2365454 51.6137082, -1.2362622 51.6136123, -1.2358502 51.6135004, -1.2356337 51.6134469)",,0,1,0,Tyne Avenue,B,24619452,,13326,No,F
11,F,5122,Gold,residential,"LINESTRING (-1.2350241 51.6142528, -1.2347419 51.6141713, -1.2344764 51.6140781, -1.2343274 51.6140091, -1.2341851 51.6139374, -1.2341388 51.6139037, -1.2335843 51.6135377, -1.2334298 51.6134204, -1.233233 51.6131901, -1.2331764 51.6130754, -1.2331421 51.612913, -1.2331451 51.6127357, -1.2331821 51.6125378, -1.2332332 51.6123755, -1.2332585 51.6121338, -1.233249 51.6119621, -1.2331814 51.6117623, -1.233041 51.6115467, -1.232945 51.6114604, -1.2327056 51.6112679, -1.2322917 51.6110701, -1.2321725 51.6110394)",,0,1,0,Tamar Way,B,24619493,,13327,Arranged,F
12,F,5115,SpringGreen,tertiary,"LINESTRING (-1.2350241 51.6142528, -1.2351111 51.6141489, -1.235323 51.6138598, -1.2355092 51.6136124, -1.2356337 51.6134469)",,0,1,0,Cow Lane,B,28282028,,16088,Yes,F
13,F,5122,SpringGreen,residential,"LINESTRING (-1.2427307 51.6200912, -1.2429796 51.619894, -1.2430655 51.6196488, -1.243224 51.6195116, -1.2432985 51.6194472)",,0,1,0,Old Bourne,B,28544454,,16268,Yes,F
14,F,5122,SpringGreen,residential,"LINESTRING (-1.2436491 51.6204056, -1.2433659 51.6204056, -1.2430483 51.620267, -1.2427307 51.6200912, -1.242499 51.6199952, -1.2418982 51.6199419, -1.2411944 51.6199419, -1.2411772 51.6196542, -1.2411772 51.6193824, -1.2413059 51.6191159, -1.2415892 51.6188601)",,0,1,0,Rawthey Avenue,B,28544462,,16269,Yes,F
15,F,5122,SpringGreen,residential,"LINESTRING (-1.2422672 51.6193504, -1.24219 51.6192438, -1.2415892 51.6188601, -1.2411613 51.6185466, -1.2409197 51.6184445, -1.2404252 51.6184166, -1.2399756 51.6183912, -1.2396666 51.6183805, -1.2393779 51.6184728)",,0,1,0,Dagdale Drive,B,28544467,,16270,Yes,F
16,F,5122,SpringGreen,residential,"LINESTRING (-1.2396494 51.6176611, -1.2398125 51.6178689, -1.2400442 51.6179542, -1.2399756 51.6183912)",,0,1,0,Tavy Close,B,28544472,,16271,Yes,F
17,F,5122,SpringGreen,residential,"LINESTRING (-1.2399926 51.6192729, -1.2399712 51.6193928, -1.2404218 51.6195794, -1.2408339 51.6196275, -1.2411772 51.6196542)",,0,1,0,Wandle Beck,B,28544475,,16272,Yes,F
18,F,5122,SpringGreen,residential,"LINESTRING (-1.2435204 51.6207306, -1.2436491 51.6204056, -1.2437607 51.6201498)",,0,1,0,Rawthey Avenue,B,28544479,,16273,Yes,F
19,F,5122,SpringGreen,residential,"LINESTRING (-1.243014 51.6212955, -1.2423788 51.6211037, -1.2423377 51.6210755, -1.2419583 51.6208159, -1.2418724 51.6205121, -1.2418982 51.6199419)",,0,1,0,Tweed Drive,B,28544484,,16274,Yes,F
20,F,5122,SpringGreen,residential,"LINESTRING (-1.2426449 51.6208106, -1.2423377 51.6210755)",,0,1,0,Yealm Close,B,28544492,,16275,Yes,F
21,F,5122,SpringGreen,residential,"LINESTRING (-1.2418724 51.6205121, -1.2410656 51.6205654, -1.2404734 51.6205335, -1.24007 51.6204802, -1.2397782 51.620299, -1.2391289 51.6201781)",,0,1,0,Brent Avenue,B,28544499,,16276,Yes,F
22,F,5122,SpringGreen,residential,"LINESTRING (-1.2383362 51.6191799, -1.2382246 51.6188708, -1.2383534 51.6187163, -1.2387066 51.6184773)",,0,1,0,Monks Lode,B,28544506,,16277,Yes,F
23,F,5122,SpringGreen,residential,"LINESTRING (-1.2383963 51.6200006, -1.2381731 51.61991, -1.2377611 51.6196009, -1.2378727 51.6192598, -1.2383362 51.6191799, -1.2388083 51.6191852, -1.2391859 51.6192545, -1.2395807 51.6192705)",,0,1,0,Prestwick Burn,B,28544513,,16278,Yes,F
24,F,5122,SpringGreen,residential,"LINESTRING (-1.230467 51.6161612, -1.2300621 51.6160676, -1.229736 51.6158864, -1.2295557 51.6156732, -1.229221 51.6155027, -1.2293497 51.6153428, -1.229404 51.6152021, -1.2294956 51.6149644, -1.2297789 51.6148524, -1.2302252 51.6149004)",,0,1,0,Colne Drive,B,28544519,,16279,Yes,F
25,F,5115,SpringGreen,tertiary,"LINESTRING (-1.2300817 51.6168557, -1.2301995 51.6166911, -1.2302733 51.6165638, -1.230467 51.6161612, -1.230558 51.6159912, -1.2307009 51.6157894, -1.2309113 51.6156662, -1.231228 51.6155508, -1.2316965 51.6154389, -1.231966 51.6154143, -1.2322392 51.6154056, -1.2325706 51.6154192, -1.232875 51.6154179, -1.2329486 51.6154141)",,0,1,0,Mersey Way,B,28544522,,16280,Yes,F
26,F,5122,SpringGreen,residential,"LINESTRING (-1.2315331 51.6149056, -1.2318561 51.61493, -1.232089 51.6149584, -1.2322644 51.6150145, -1.2324131 51.6150482, -1.2327865 51.6150544)",,0,1,0,Foudry Close,B,28544527,,16281,Yes,F
27,F,5122,SpringGreen,residential,"LINESTRING (-1.2316965 51.6154389, -1.2315586 51.6151589, -1.2315316 51.6150373, -1.2315331 51.6149056, -1.2315682 51.6148211, -1.2316529 51.6147243, -1.2317567 51.614631, -1.2318632 51.6145807, -1.2320547 51.6145363, -1.2322201 51.6145172, -1.232634 51.614476)",,0,1,0,Plym Drive,B,28544529,,16282,Yes,F
28,F,5122,Gold,residential,"LINESTRING (-1.2347571 51.6096131, -1.2346283 51.6097624, -1.2344223 51.6098477, -1.2342311 51.609831, -1.2337443 51.6097038, -1.233461 51.6097251, -1.2327229 51.6099863, -1.2320534 51.6101888, -1.2315202 51.6106396)",,0,1,0,Orwell Drive,B,28544548,OX11,16283,Arranged,F
29,F,5122,SpringGreen,residential,"LINESTRING (-1.2321725 51.6110394, -1.232057 51.6111297, -1.231709 51.6114018, -1.231194 51.6116097, -1.2311313 51.6116275)",,0,1,0,Trent Road,B,28544551,,16284,Yes,F
30,F,5122,Gold,residential,"LINESTRING (-1.2390057 51.6160676, -1.2397352 51.6164673, -1.2399186 51.6166715)",,0,1,0,Ashburn Place,B,28544559,,16285,Arranged,F
31,F,5122,Gold,residential,"LINESTRING (-1.2401043 51.6162541, -1.2397352 51.6164673)",,0,1,0,Nunney Brook,B,28544567,,16286,Arranged,F
32,F,5122,SpringGreen,residential,"LINESTRING (-1.2308155 51.6146953, -1.2309054 51.6146834, -1.2313582 51.6146233, -1.2314239 51.6146363, -1.2316529 51.6147243)",,0,1,0,Jordan Close,B,28544815,,16287,Yes,F
33,F,5122,SpringGreen,residential,"LINESTRING (-1.2309376 51.6152255, -1.2310317 51.6152154, -1.2312114 51.6151962, -1.2315586 51.6151589)",,0,1,0,Ray Court,B,28544822,,16288,Yes,F
34,F,5122,SpringGreen,residential,"LINESTRING (-1.2308516 51.616595, -1.2314526 51.6165312, -1.2323452 51.6164513, -1.2324568 51.6163341, -1.2325255 51.6161209, -1.2323148 51.615782, -1.2322392 51.6154056)",,0,1,0,Teescroft,B,28544831,,16289,Yes,F
35,F,5122,SpringGreen,residential,"LINESTRING (-1.2314268 51.615961, -1.2323148 51.615782)",,0,1,0,Weaver Croft,B,28544837,,16290,Yes,F
36,F,5122,SpringGreen,residential,"LINESTRING (-1.2325255 51.6161209, -1.2330761 51.6159991)",,0,1,0,Weycroft,B,28544841,,16291,Yes,F
37,F,5122,SpringGreen,residential,"LINESTRING (-1.2325997 51.616701, -1.2327547 51.6166455, -1.2329546 51.6165739, -1.2333409 51.6165366, -1.2336941 51.6163829)",,0,1,0,Beaulieu Mews,B,28544845,,16292,Yes,F
38,F,5122,SpringGreen,residential,"LINESTRING (-1.2348772 51.6170589, -1.2344481 51.6172454, -1.2342596 51.6174528)",,0,1,0,Crookdale Beck,B,28544852,,16293,Yes,F
39,F,5122,Red,residential,"LINESTRING (-1.2351004 51.6176771, -1.2348515 51.6177677, -1.2345056 51.6179146, -1.2343622 51.6179755)",,0,1,0,,B,28544858,,16294,No,F
40,F,5122,SpringGreen,residential,"LINESTRING (-1.2345056 51.6179146, -1.2347485 51.6180767, -1.2350403 51.6181514, -1.2354008 51.6183752, -1.2357441 51.6185137, -1.2361733 51.6186097, -1.2365423 51.6184711, -1.2367741 51.6181514)",,0,1,0,Ingrebourne Way,B,28544891,,16295,Yes,F
41,F,5122,SpringGreen,residential,"LINESTRING (-1.2363707 51.619084, -1.2368334 51.6191986)",,0,1,0,Stort Close,B,28544898,,16296,Yes,F
42,F,5122,Red,residential,"LINESTRING (-1.235418 51.6188761, -1.235581 51.6187695, -1.2357441 51.6185137)",,0,1,0,,B,28544907,,16297,No,F
43,F,5122,SpringGreen,residential,"LINESTRING (-1.2376238 51.6184018, -1.2373127 51.6185277, -1.2368599 51.6187109)",,0,1,0,Monks Lode,B,28544910,,16298,Yes,F
44,F,5122,SpringGreen,residential,"LINESTRING (-1.2373127 51.6185277, -1.2376066 51.6187962, -1.2382246 51.6188708)",,0,1,0,Monks Lode,B,28544913,,16299,Yes,F
45,F,5122,SpringGreen,residential,"LINESTRING (-1.2370487 51.6200379, -1.2374693 51.6196329, -1.2377611 51.6196009)",,0,1,0,Lambwath Stream,B,28544916,,16300,Yes,F
46,F,5122,SpringGreen,residential,"LINESTRING (-1.2378041 51.6204322, -1.2380615 51.620283, -1.2383963 51.6200006, -1.238628 51.619878)",,0,1,0,Prestwick Burn,B,28544921,,16301,Yes,F
47,F,5122,SpringGreen,residential,"LINESTRING (-1.2276674 51.6151882, -1.2278219 51.6153961, -1.2279635 51.6154694, -1.2281824 51.6155826, -1.2284914 51.6156732, -1.2287015 51.6156482, -1.2288948 51.6156252, -1.229221 51.6155027)",,0,1,0,Usk Way,B,28544933,,16302,Yes,F
48,F,5122,SpringGreen,residential,"LINESTRING (-1.229404 51.6152021, -1.2289892 51.6151349, -1.2288004 51.6150337, -1.2286631 51.6147565)",,0,1,0,Swale Drive,B,28544935,,16303,Yes,F
49,F,5122,SpringGreen,residential,"LINESTRING (-1.2269207 51.6141862, -1.2271525 51.6144207, -1.2274615 51.6146339, -1.2278906 51.6147405, -1.2282318 51.6147609, -1.2283369 51.6147672, -1.2286631 51.6147565, -1.229842 51.614567, -1.2317565 51.6142593, -1.232338 51.6141658)",,0,1,0,Halse Water,B,28544941,,16304,Yes,F
50,F,5122,SpringGreen,residential,"LINESTRING (-1.2317565 51.6142593, -1.2316071 51.6139624, -1.2316328 51.6137012, -1.2320534 51.613584, -1.2319731 51.6132381, -1.2320105 51.6129924, -1.2318989 51.6129124, -1.2308518 51.6129124)",,0,1,0,Roding Way,B,28544947,,16305,Yes,F
51,F,5122,SpringGreen,residential,"LINESTRING (-1.2308249 51.6125125, -1.2301995 51.612534, -1.2299701 51.6124758, -1.2299538 51.6124586, -1.229899 51.6124008, -1.2298046 51.6119797)",,0,1,0,Torridge Drive,B,28544955,,16306,Yes,F
52,F,5122,SpringGreen,residential,"LINESTRING (-1.229291 51.611603, -1.229668 51.6114709, -1.2298435 51.6113865)",,0,1,0,Wensum Drive,B,28544971,,16307,Yes,F
53,F,5122,SpringGreen,residential,"LINESTRING (-1.2285677 51.6110573, -1.2286589 51.6111528, -1.2288084 51.6111164, -1.2291173 51.6110809, -1.2293531 51.6109828)",,0,1,0,Wensum Drive,B,28544973,,16308,Yes,F
54,F,5122,Red,residential,"LINESTRING (-1.2314182 51.6108018, -1.2311159 51.6109354, -1.2309118 51.6110256, -1.2306371 51.6110521, -1.2305298 51.6108922)",,0,1,0,,B,28544974,,16309,No,F
55,F,5122,SpringGreen,residential,"LINESTRING (-1.2311159 51.6109354, -1.231709 51.6114018)",,0,1,0,Arndale Beck,B,28544975,,16310,Yes,F
56,F,5122,SpringGreen,residential,"LINESTRING (-1.2281041 51.6104691, -1.2277533 51.6104979, -1.2275205 51.6105224, -1.2272801 51.6105757, -1.2270323 51.6105779, -1.226689 51.6104287, -1.2262406 51.6103258)",,0,1,0,Loddon Drive,B,28544978,,16311,Yes,F
57,F,5122,SpringGreen,residential,"LINESTRING (-1.2274615 51.6101088, -1.2275205 51.6105224)",,0,1,0,Loddon Drive,B,28544979,,16312,Yes,F
58,F,5122,SpringGreen,residential,"LINESTRING (-1.2264658 51.6108657, -1.2268167 51.6107942, -1.226954 51.6107142, -1.2270323 51.6105779)",,0,1,0,Yare Close,B,28544984,,16313,Yes,F
59,F,5122,SpringGreen,residential,"LINESTRING (-1.2280354 51.6091472, -1.2281567 51.6097304, -1.22818 51.6098203, -1.2283026 51.6098423, -1.2290322 51.6097837)",,0,1,0,Lune Close,B,28544986,,16314,Yes,F
60,F,5122,SpringGreen,residential,"LINESTRING (-1.2289978 51.6095865, -1.2290322 51.6097837, -1.2290837 51.6101088)",,0,1,0,Lune Close,B,28544994,,16315,Yes,F
61,F,5122,SpringGreen,residential,"LINESTRING (-1.2349129 51.613329, -1.2348213 51.6134505, -1.2344137 51.613115, -1.2339932 51.6129764, -1.2336756 51.6127792, -1.2331451 51.6127357)",,0,1,0,Ockley Brook,B,28544998,,16316,Yes,F
62,F,5122,SpringGreen,residential,"LINESTRING (-1.2348601 51.6156306, -1.2342335 51.615403, -1.233976 51.6152255)",,0,1,0,Venners Water,B,28545001,,16317,Yes,F
63,F,5122,Gold,residential,"LINESTRING (-1.2429752 51.6140634, -1.2429109 51.6142233, -1.242353 51.6145031, -1.2421782 51.6147829, -1.2420527 51.6152628, -1.2417983 51.6155096)",,0,1,0,Bowmont Water,B,28545007,,16318,Arranged,F
64,F,5122,SpringGreen,residential,"LINESTRING (-1.2420096 51.6164617, -1.2424904 51.6159077, -1.2418326 51.6156216)",,0,1,0,Dart Drive,B,28545010,,16319,Yes,F
65,F,5122,Red,residential,"LINESTRING (-1.2386795 51.6170215, -1.2385422 51.616915, -1.2381817 51.6167871, -1.2378212 51.6170482, -1.2377383 51.6172005, -1.2376152 51.6174266)",,0,1,0,,B,28545017,,16320,No,F
66,F,5122,Gold,residential,"LINESTRING (-1.2376152 51.6174266, -1.2382708 51.6175656, -1.2382772 51.6175669, -1.2390689 51.6176308)",,0,1,0,Brunstock Beck,B,28545018,,16321,Arranged,F
67,F,5122,Gold,residential,"LINESTRING (-1.2386125 51.6180732, -1.2384014 51.6180393, -1.2381817 51.6180041, -1.2377917 51.6179416)",,0,1,0,Finham Brook,B,28545023,,16322,Arranged,F
68,F,5122,SpringGreen,residential,"LINESTRING (-1.2255989 51.6133921, -1.2257363 51.6139304, -1.2257963 51.614005, -1.2259852 51.6141756, -1.2262341 51.6142609, -1.2265688 51.6142609, -1.2269207 51.6141862, -1.227264 51.6140317, -1.2275902 51.6138185, -1.2278432 51.6132499, -1.2279507 51.6130084, -1.2280622 51.6127577, -1.2282982 51.6126111, -1.2285771 51.6125045, -1.2288561 51.6125045)",,0,1,0,Westwater Way,B,28545034,,16323,Yes,F
69,F,5122,SpringGreen,residential,"LINESTRING (-1.2257963 51.614005, -1.2254702 51.6141276, -1.2249209 51.614101)",,0,1,0,Gelt Burn,B,28545039,,16324,Yes,F
70,F,5122,SpringGreen,residential,"LINESTRING (-1.2265516 51.6148258, -1.2261225 51.6145966, -1.2262341 51.6142609)",,0,1,0,Darcey Lode,B,28545043,,16325,Yes,F
71,F,5122,Red,residential,"LINESTRING (-1.2261225 51.6145966, -1.225865 51.6147299)",,0,1,0,,B,28545046,,16326,No,F
72,F,5122,SpringGreen,residential,"LINESTRING (-1.2238394 51.6135733, -1.2238566 51.613051, -1.2236248 51.6126353, -1.2235331 51.6122414, -1.2235218 51.6121929, -1.2233297 51.6118317, -1.2232127 51.6116117)",,0,1,0,Middle Furlong,B,28545052,,16327,Yes,F
73,F,5122,SpringGreen,residential,"LINESTRING (-1.2235331 51.6122414, -1.2241141 51.6121449, -1.2252024 51.6123005, -1.2253404 51.6123238)",,0,1,0,Upperway Furlong,B,28545060,,16328,Yes,F
74,F,5122,SpringGreen,residential,"LINESTRING (-1.2236248 51.6126353, -1.2230927 51.6127099)",,0,1,0,Bush Furlong,B,28545063,,16329,Yes,F
75,F,5122,SpringGreen,residential,"LINESTRING (-1.224466 51.6131363, -1.2242428 51.613019, -1.2238566 51.613051)",,0,1,0,Short Furlong,B,28545069,,16330,Yes,F
76,F,5122,SpringGreen,residential,"LINESTRING (-1.226273 51.6117034, -1.226586 51.6121129, -1.2265516 51.6125447)",,0,1,0,Calder Way,B,28545073,,16331,Yes,F
77,F,5122,Red,residential,"LINESTRING (-1.2279507 51.6130084, -1.227367 51.6129018, -1.2271439 51.6127206, -1.2270581 51.6125233)",,0,1,0,,B,42887459,,23509,No,F
78,F,5122,SpringGreen,residential,"LINESTRING (-1.2292931 51.6109187, -1.2293531 51.6109828, -1.2295482 51.6111672, -1.2297147 51.61126, -1.2298435 51.6113865, -1.2300443 51.6115196, -1.2301894 51.6115922, -1.2303024 51.6116977, -1.230414 51.6118198)",,0,1,0,Wensum Drive,B,43307833,,23721,Yes,F
79,F,5122,SpringGreen,residential,"LINESTRING (-1.2309672 51.611674, -1.2306526 51.6117632, -1.230414 51.6118198, -1.2298046 51.6119797, -1.228839 51.6121142, -1.2284007 51.6121753, -1.2277447 51.6124008, -1.2270581 51.6125233, -1.2265516 51.6125447, -1.2256691 51.6123676, -1.2255649 51.6123432)",,0,1,0,Trent Road,B,43308274,,23722,Yes,F
80,T,5122,SpringGreen,residential,"LINESTRING (-1.2311313 51.6116275, -1.2309672 51.611674)",,0,1,0,Trent Road,B,43308275,,23723,Yes,F
81,F,5122,SpringGreen,residential,"LINESTRING (-1.231194 51.6116097, -1.2313901 51.6117765, -1.2315888 51.6119082, -1.2318463 51.6119881, -1.2322497 51.6119775, -1.2323442 51.6119508, -1.2323527 51.611647, -1.2322656 51.6115579)",,0,1,0,Washford Glen,B,43308280,,23724,Yes,F
82,F,5122,SpringGreen,residential,"LINESTRING (-1.2264162 51.6099876, -1.2260356 51.6099627, -1.2257781 51.6098934, -1.2255807 51.6099414, -1.2254777 51.6100586, -1.2254863 51.6102505, -1.2254004 51.6103678, -1.2253404 51.6105277, -1.2253919 51.6106823, -1.2255893 51.6106449, -1.2258296 51.6106716)",,0,1,0,North Bush Furlong,B,43308380,,23726,Yes,F
83,T,5113,Red,primary,"LINESTRING (-1.2331433 51.617889, -1.233376 51.6179814)",,0,3,80,Northern Perimeter Road,B,43308475,A4130,23727,No,F
84,F,5113,Red,primary,"LINESTRING (-1.233376 51.6179814, -1.2342354 51.6183982, -1.2349687 51.618862, -1.2357962 51.6194908, -1.2364335 51.6199421, -1.2370885 51.6203344, -1.2377636 51.620694, -1.238266 51.6208947)",,0,3,80,Northern Perimeter Road,B,43308478,A4130,23728,No,F
85,F,5122,SpringGreen,residential,"LINESTRING (-1.2348515 51.6177677, -1.2345854 51.6175438, -1.2342596 51.6174528, -1.2338988 51.617352, -1.2338473 51.617336)",,0,1,0,Blackwater Way,B,43308481,,23729,Yes,F
86,F,5122,SpringGreen,residential,"LINESTRING (-1.2336406 51.6172588, -1.2328774 51.6169736, -1.2325997 51.616701, -1.2323452 51.6164513)",,0,1,0,Blackwater Way,B,43308482,,23730,Yes,F
87,F,5115,SpringGreen,tertiary,"LINESTRING (-1.2331454 51.6154028, -1.2333494 51.6153854, -1.233976 51.6152255, -1.234491 51.6148951, -1.2348889 51.6144384, -1.2349126 51.6144065, -1.2350241 51.6142528)",,0,1,0,Mersey Way,B,43308495,,23733,Yes,F
88,T,5115,SpringGreen,tertiary,"LINESTRING (-1.2329486 51.6154141, -1.2331454 51.6154028)",,0,1,0,Mersey Way,B,43308496,,23734,Yes,F
89,F,5122,SpringGreen,residential,"LINESTRING (-1.2318978 51.6090832, -1.2319837 51.6093444, -1.2321296 51.6095043, -1.2323785 51.6095896, -1.2324805 51.6095954, -1.2327029 51.6095615, -1.2328706 51.6094079, -1.2328892 51.6092962, -1.2327819 51.6091045)",,0,1,0,Derwent Avenue,B,43308580,,23741,Yes,F
90,F,5122,SpringGreen,residential,"LINESTRING (-1.2319837 51.6093444, -1.2313228 51.6094403, -1.2310827 51.609554, -1.2306361 51.6097655)",,0,1,0,Derwent Avenue,B,43308582,,23742,Yes,F
91,F,5122,SpringGreen,residential,"LINESTRING (-1.2300096 51.6081397, -1.2299237 51.6082144, -1.2296834 51.6083529, -1.2294431 51.6084436, -1.2290654 51.6085448, -1.2288423 51.6086568, -1.2286792 51.6088007, -1.2286277 51.6089606, -1.2286019 51.6091418)",,0,1,0,Hamble Road,B,43308607,,23744,Yes,F
92,F,5122,SpringGreen,residential,"LINESTRING (-1.2295632 51.6090246, -1.2296233 51.60887, -1.2296062 51.6087101, -1.2295718 51.6086195, -1.2294431 51.6084436)",,0,1,0,Waveney Close,B,43308612,,23746,Yes,F
93,F,5122,SpringGreen,residential,"LINESTRING (-1.2311769 51.6086408, -1.2309108 51.6085502, -1.2307906 51.6085182, -1.2301812 51.6083476, -1.2299237 51.6082144)",,0,1,0,Hamble Road,B,43308614,,23747,Yes,F
94,F,5122,SpringGreen,residential,"LINESTRING (-1.2370563 51.611615, -1.2368932 51.6114978, -1.2368073 51.6113538, -1.2367129 51.6110074, -1.2366286 51.6108015, -1.2365637 51.6106369, -1.2365024 51.6105647, -1.236373 51.6105107, -1.236259 51.6104924, -1.235744 51.6104924, -1.2357283 51.6103795, -1.2356582 51.6102925, -1.2355017 51.6102657, -1.2348075 51.6103625)",,0,1,0,Evenlode Drive,B,43308622,,23748,Yes,F
95,F,5122,SpringGreen,residential,"LINESTRING (-1.2368073 51.6113538, -1.2365413 51.6113912, -1.2362151 51.6115031, -1.2360177 51.6114178, -1.2357345 51.6113698, -1.2356143 51.6112739, -1.2351422 51.6113219)",,0,1,0,Tyburn Glen,B,43308676,,23749,Yes,F
96,F,5122,SpringGreen,residential,"LINESTRING (-1.227611 51.6112345, -1.2278158 51.6114603, -1.2280763 51.611733, -1.2284007 51.6121753)",,0,1,0,Welland Avenue,B,43308691,,23753,Yes,F
97,F,5122,SpringGreen,residential,"LINESTRING (-1.2280763 51.611733, -1.2287049 51.6115084)",,0,1,0,Welland Avenue,B,43308697,,23754,Yes,F
98,F,5122,SpringGreen,residential,"LINESTRING (-1.227611 51.6112345, -1.2283788 51.6109594)",,0,1,0,Welland Avenue,B,43308698,,23755,Yes,F
99,T,5122,SpringGreen,residential,"LINESTRING (-1.2338473 51.617336, -1.2336406 51.6172588)",,0,1,0,Blackwater Way,B,43308826,,23757,Yes,F
100,F,5122,SpringGreen,residential,"LINESTRING (-1.230444 51.60884, -1.2307906 51.6085182)",,0,1,0,Hamble Road,B,57147674,,25797,Yes,F
101,F,5122,SpringGreen,residential,"LINESTRING (-1.2298002 51.6140368, -1.2297144 51.61429, -1.229842 51.614567)",,0,1,0,Synderford Close,B,57147704,,25798,Yes,F
102,F,5122,SpringGreen,residential,"LINESTRING (-1.2298217 51.6135171, -1.2298646 51.6139036)",,0,1,0,Synderford Close,B,57147710,,25799,Yes,F
103,F,5122,Red,residential,"LINESTRING (-1.2316241 51.6098395, -1.2313228 51.6094403)",,0,1,0,Thurne View,B,57147713,,25800,No,F
104,F,5122,SpringGreen,residential,"LINESTRING (-1.2278905 51.6086002, -1.2282767 51.6086535, -1.2286792 51.6088007)",,0,1,0,Medina Close,B,57147720,,25801,Yes,F
105,F,5122,SpringGreen,residential,"LINESTRING (-1.2287703 51.6082404, -1.2290654 51.6085448)",,0,1,0,Arun Mews,B,57147722,,25802,Yes,F
106,F,5122,SpringGreen,residential,"LINESTRING (-1.2314525 51.6168881, -1.2314526 51.6165312)",,0,1,0,Wansbeck Wood,B,57147723,,25803,Yes,F
107,F,5122,SpringGreen,residential,"LINESTRING (-1.2310877 51.6133573, -1.2311735 51.6135704, -1.2316328 51.6137012)",,0,1,0,Roding Way,B,57147724,,25804,Yes,F
108,F,5122,SpringGreen,residential,"LINESTRING (-1.2310877 51.6139702, -1.2316071 51.6139624)",,0,1,0,Roding Way,B,57147726,,25805,Yes,F
109,F,5122,SpringGreen,residential,"LINESTRING (-1.2301435 51.6130508, -1.2308689 51.6130617, -1.2308518 51.6129124, -1.2308249 51.6125125, -1.2308174 51.6124008)",,0,1,0,Torridge Drive,B,57147727,,25806,Yes,F
110,F,5122,SpringGreen,residential,"LINESTRING (-1.2286664 51.6142962, -1.2287289 51.6140106, -1.2290277 51.6139968, -1.2294091 51.6139843, -1.2298002 51.6140368, -1.2298646 51.6139036, -1.230444 51.6138236)",,0,1,0,Synderford Close,B,57147729,,25807,Yes,F
111,F,5122,SpringGreen,residential,"LINESTRING (-1.2443572 51.618145, -1.24445 51.6181746, -1.2444433 51.6183477, -1.24438 51.6184911, -1.2443306 51.6186694, -1.2443118 51.6189658, -1.2442394 51.619174, -1.2442903 51.619229)",,0,1,0,Alphin Brook,B,57147732,,25808,Yes,F
112,F,5122,Gold,residential,"LINESTRING (-1.2416663 51.6176209, -1.2420574 51.6171985, -1.2421598 51.617088, -1.2426298 51.617004)",,0,1,0,Chinnock Brook,B,57147733,,25809,Arranged,F
113,F,5122,Gold,residential,"LINESTRING (-1.2441339 51.6163019, -1.243576 51.6163285, -1.2430181 51.6167016, -1.2425032 51.6167682)",,0,1,0,Abbey Brook,B,57147734,,25810,Arranged,F
114,F,5122,Gold,residential,"LINESTRING (-1.2403374 51.6171396, -1.2407436 51.6169947, -1.2409368 51.617048, -1.2413015 51.6169281, -1.2417154 51.6166555, -1.2420096 51.6164617)",,0,1,0,Medlock Grove,B,57147735,,25811,Arranged,F
115,F,5122,SpringGreen,residential,"LINESTRING (-1.2324824 51.6172212, -1.2328774 51.6169736)",,0,1,0,Rother Garth,B,57147736,,25812,Yes,F
116,F,5122,SpringGreen,residential,"LINESTRING (-1.2442627 51.6169281, -1.2442114 51.6171683, -1.2440719 51.6172949, -1.2439623 51.6175409, -1.2437992 51.6176797)",,0,1,0,Sutherland Beck,B,57147743,,25813,Yes,F
117,F,5122,SpringGreen,residential,"LINESTRING (-1.2427177 51.6180872, -1.2428679 51.6182071, -1.2435384 51.6180609)",,0,1,0,Ouse Close,B,57147754,,25814,Yes,F
118,F,5122,Red,residential,"LINESTRING (-1.2352934 51.6129708, -1.2352076 51.613184, -1.2349129 51.613329)",,0,1,0,,B,57147762,,25815,No,F
119,F,5122,Red,residential,"LINESTRING (-1.2345853 51.6127976, -1.2344137 51.613115)",,0,1,0,,B,57147767,,25816,No,F
120,F,5122,Red,residential,"LINESTRING (-1.2338128 51.6125578, -1.2336756 51.6127792)",,0,1,0,,B,57147772,,25817,No,F
121,F,5122,SpringGreen,residential,"LINESTRING (-1.2326112 51.6121714, -1.2323442 51.6119508)",,0,1,0,Washford Glen,B,57147777,,25818,Yes,F
122,F,5122,SpringGreen,residential,"LINESTRING (-1.2443306 51.6186694, -1.2438872 51.6186057, -1.2436859 51.618414, -1.2435384 51.6180609, -1.2435666 51.6179573, -1.2436797 51.6178032)",,0,1,0,Dart Drive,B,57147780,,25819,Yes,F
123,F,5122,SpringGreen,residential,"LINESTRING (-1.237246 51.6106123, -1.2368965 51.6107467, -1.2366286 51.6108015)",,0,1,0,Cam Close,B,57147789,,25820,Yes,F
124,F,5122,Red,residential,"LINESTRING (-1.235465 51.6097595, -1.2347571 51.6096131, -1.2343707 51.609413)",,0,1,0,,B,57147795,,25821,No,F
125,F,5122,SpringGreen,residential,"LINESTRING (-1.2354865 51.6119315, -1.2355081 51.6120569, -1.2354695 51.6122038, -1.235409 51.6122962, -1.2349195 51.6123362, -1.2346216 51.6123532, -1.2343057 51.6122989, -1.2341121 51.6122449, -1.2338986 51.6120514, -1.2337943 51.6119567, -1.2337055 51.6119182, -1.2334964 51.6119152, -1.233249 51.6119621)",,0,1,0,Ottery Way,B,57147801,,25822,Yes,F
126,F,5122,SpringGreen,residential,"LINESTRING (-1.2338986 51.6120514, -1.234047 51.6119583, -1.2341056 51.6118551, -1.2340486 51.6116638, -1.2348785 51.6115755)",,0,1,0,Darent Place,B,57147803,,25823,Yes,F
127,F,5122,SpringGreen,residential,"LINESTRING (-1.2359158 51.6124887, -1.2356332 51.6125209, -1.2355443 51.6124952, -1.2354498 51.6124277, -1.235409 51.6122962)",,0,1,0,Ottery Way,B,57147807,,25824,Yes,F
128,F,5122,SpringGreen,residential,"LINESTRING (-1.2370556 51.6117783, -1.2377396 51.6119582)",,0,1,0,Ancholme Close,B,57147818,,25825,Yes,F
129,F,5122,SpringGreen,residential,"LINESTRING (-1.238555 51.6118915, -1.2380375 51.6117304)",,0,1,0,Dulas Close,B,57147821,,25826,Yes,F
130,F,5122,Red,residential,"LINESTRING (-1.2362151 51.6115031, -1.2361732 51.6116517, -1.2362375 51.6119182)",,0,1,0,,B,57147824,,25827,No,F
131,F,5122,Red,residential,"LINESTRING (-1.235744 51.6104924, -1.2357869 51.6107589, -1.2348332 51.6109115)",,0,1,0,,B,57147826,,25828,No,F
132,F,5122,SpringGreen,residential,"LINESTRING (-1.2365594 51.6101726, -1.236259 51.6104924)",,0,1,0,Exe Close,B,57147830,,25829,Yes,F
133,F,5122,Gold,residential,"LINESTRING (-1.2438979 51.6156357, -1.2437906 51.6154358, -1.242825 51.6155824, -1.2424904 51.6159077)",,0,1,0,Tarret Burn,B,57147838,,25830,Arranged,F
134,F,5122,Gold,residential,"LINESTRING (-1.2428036 51.615156, -1.2435117 51.6149295, -1.2432113 51.6144099, -1.2429109 51.6142233)",,0,1,0,Bowmont Water,B,57147846,,25831,Arranged,F
135,F,5122,SpringGreen,residential,"LINESTRING (-1.2382659 51.6112738, -1.2382975 51.6115318, -1.2380375 51.6117304, -1.2377396 51.6119582, -1.237501 51.6122709, -1.2373533 51.6124645, -1.2364869 51.6122549)",,0,1,0,Longford Way,B,57147850,,25832,Yes,F
136,F,5122,SpringGreen,residential,"LINESTRING (-1.23804 51.6129975, -1.2376323 51.6130241, -1.2370529 51.6128909, -1.2373533 51.6124645)",,0,1,0,Longford Way,B,57147854,,25833,Yes,F
137,F,5122,SpringGreen,residential,"LINESTRING (-1.2382331 51.6124379, -1.237501 51.6122709)",,0,1,0,Lea Grove,B,57147857,,25834,Yes,F
138,F,5122,Red,residential,"LINESTRING (-1.2284786 51.6135934, -1.2285108 51.6137166, -1.2284464 51.6138632, -1.2282453 51.6140558, -1.2275902 51.6138185)",,0,1,0,,B,57147863,,25835,No,F
139,F,5122,SpringGreen,residential,"LINESTRING (-1.2285342 51.613224, -1.2278432 51.6132499)",,0,1,0,Churnet Close,B,57147866,,25836,Yes,F
140,F,5122,SpringGreen,residential,"LINESTRING (-1.2253585 51.6127843, -1.2259378 51.6127577, -1.2266245 51.6130508, -1.2269249 51.6130241, -1.227367 51.6129018)",,0,1,0,Verlam Grove,B,57147868,,25837,Yes,F
141,F,5122,SpringGreen,residential,"LINESTRING (-1.2244573 51.6115584, -1.2233297 51.6118317)",,0,1,0,Shinmoor Close,B,57147869,,25838,Yes,F
142,F,5122,SpringGreen,residential,"LINESTRING (-1.2233297 51.6118317, -1.2227406 51.6119182)",,0,1,0,The Frith,B,57147870,,25839,Yes,F
143,F,5122,SpringGreen,residential,"LINESTRING (-1.2295642 51.6164218, -1.2293496 51.6162352, -1.2294784 51.6159688, -1.229736 51.6158864)",,0,1,0,Don Close,B,57147880,,25840,Yes,F
144,F,5122,SpringGreen,residential,"LINESTRING (-1.2302723 51.6153292, -1.2305083 51.6154891, -1.2302723 51.6156224, -1.2300621 51.6160676)",,0,1,0,Itchen Court,B,57147882,,25841,Yes,F
145,F,5122,SpringGreen,residential,"LINESTRING (-1.2284913 51.6161287, -1.2287917 51.6158755, -1.2287015 51.6156482)",,0,1,0,Windrush Mews,B,57147885,,25842,Yes,F
146,F,5122,Red,residential,"LINESTRING (-1.2275257 51.6158222, -1.2279635 51.6154694)",,0,1,0,,B,57147889,,25843,No,F
147,F,5122,Red,residential,"LINESTRING (-1.2267318 51.6154358, -1.2270966 51.6152493, -1.2276674 51.6151882)",,0,1,0,,B,57147893,,25844,No,F
148,F,5122,SpringGreen,residential,"LINESTRING (-1.2394776 51.620845, -1.24007 51.6204802)",,0,1,0,Cray Court,B,57147913,,25845,Yes,F
149,F,5122,SpringGreen,residential,"LINESTRING (-1.2416019 51.6210182, -1.2411513 51.6209249, -1.241044 51.620845, -1.2410656 51.6205654)",,0,1,0,Cherwell Close,B,57147916,,25846,Yes,F
150,F,5122,SpringGreen,residential,"LINESTRING (-1.2298993 51.6101177, -1.2298135 51.6097445, -1.2302197 51.6094975)",,0,1,0,Stour Close,B,57373544,,25852,Yes,F
151,F,5122,SpringGreen,residential,"LINESTRING (-1.2351779 51.6153009, -1.2348601 51.6156306, -1.234592 51.6159039, -1.2344204 51.6160072)",,0,1,0,Venners Water,B,57373549,,25854,Yes,F
152,F,5122,Red,residential,"LINESTRING (-1.2337402 51.615634, -1.2342335 51.615403)",,0,1,0,Grange Beck,B,57373550,,25855,No,F
153,F,5122,SpringGreen,residential,"LINESTRING (-1.2269167 51.6113836, -1.2271742 51.6116101, -1.2273244 51.6116367, -1.2278158 51.6114603)",,0,1,0,Nene Grove,B,57373551,,25856,Yes,F
154,F,5122,Gold,residential,"LINESTRING (-1.2297738 51.6106958, -1.2299119 51.6105875, -1.2304574 51.6105015, -1.2306503 51.6105441, -1.231194 51.6103998)",,0,1,0,Humber Close,B,57373553,,25857,Arranged,F
155,F,5122,SpringGreen,residential,"LINESTRING (-1.2363149 51.6132978, -1.2364222 51.6133644, -1.2368943 51.6134243, -1.2369479 51.613491, -1.2367349 51.6137671)",,0,1,0,Swarbourne Close,B,57373554,,25858,Yes,F
156,F,5122,SpringGreen,residential,"LINESTRING (-1.2404348 51.6186938, -1.2404252 51.6184166)",,0,1,0,Cole Court,B,75284750,,28707,Yes,F
157,F,5122,Gold,residential,"LINESTRING (-1.2377383 51.6172005, -1.2372897 51.617036)",,0,1,0,Doe Lea,B,100266515,,31919,Arranged,F
158,F,5122,Gold,residential,"LINESTRING (-1.2417154 51.6166555, -1.2414678 51.6165269)",,0,1,0,Blakehope Burn,B,100266516,,31920,Arranged,F
159,F,5122,SpringGreen,residential,"LINESTRING (-1.2438872 51.6186057, -1.2436377 51.6187905)",,0,1,0,Dudwell,B,100266517,,31921,Yes,F
160,F,5122,Red,residential,"LINESTRING (-1.2376152 51.6174266, -1.2371947 51.6175438, -1.2369972 51.6177197, -1.2365681 51.6175278)",,0,1,0,,B,100266518,,31922,No,F
161,F,5122,SpringGreen,residential,"LINESTRING (-1.2365423 51.6184711, -1.2368599 51.6187109, -1.237023 51.6189401, -1.2368334 51.6191986, -1.2366282 51.6194783)",,0,1,0,Stort Close,B,100266967,,31923,Yes,F
162,F,5122,SpringGreen,residential,"LINESTRING (-1.2331087 51.6142937, -1.2340689 51.6143623)",,0,1,0,Kew Win,B,100267319,,31925,Yes,F
163,F,5122,SpringGreen,residential,"LINESTRING (-1.2343274 51.6140091, -1.2342726 51.6140678, -1.2340651 51.6142638, -1.2340689 51.6143623, -1.2340789 51.6146227, -1.2338312 51.614862, -1.2333701 51.6150457)",,0,1,0,Penpont Water,B,100267320,,31926,Yes,F
164,F,5141,SpringGreen,service,"LINESTRING (-1.2361362 51.6141057, -1.235323 51.6138598)",,0,1,0,Lostock Place,B,100267902,,31927,Yes,F
165,F,5141,SpringGreen,service,"LINESTRING (-1.2365454 51.6137082, -1.2361362 51.6141057, -1.2363771 51.6142297, -1.2360468 51.6145074, -1.2362326 51.614627)",,0,1,0,Lostock Place,B,100267904,,31928,Yes,F
166,F,5122,SpringGreen,residential,"LINESTRING (-1.2310827 51.609554, -1.2308724 51.6093115)",,0,1,0,Eden Court,B,100268102,,31929,Yes,F
167,F,5122,SpringGreen,residential,"LINESTRING (-1.2255807 51.6099414, -1.2254661 51.6098178, -1.2254845 51.6097098)",,0,1,0,Rugge Furlong,B,100268847,,31930,Yes,F
168,F,5122,SpringGreen,residential,"LINESTRING (-1.2293798 51.612314, -1.229494 51.6125394, -1.2299538 51.6124586)",,0,1,0,Torridge Drive,B,126355646,,35267,Yes,F
169,F,5113,SpringGreen,primary,"LINESTRING (-1.2254186 51.6124001, -1.2253837 51.6123888, -1.2253572 51.6123708, -1.2253421 51.6123482, -1.2253404 51.6123238, -1.225357 51.6122954, -1.2253834 51.6122773, -1.2254183 51.612266, -1.2254561 51.6122627, -1.2254946 51.6122676, -1.2255281 51.6122804, -1.2255525 51.6122996, -1.2255649 51.6123228, -1.2255649 51.6123432, -1.2255525 51.6123664, -1.2255281 51.6123856, -1.2254946 51.6123984, -1.225456 51.6124033, -1.2254186 51.6124001)",,0,3,48,Abingdon Road,B,142951225,A4130,37550,Yes,F
170,F,5122,Gold,residential,"LINESTRING (-1.2321725 51.6110394, -1.2320793 51.6109744, -1.2317777 51.6108155, -1.2315202 51.6106396, -1.231194 51.6103998, -1.2309966 51.6101919, -1.2306361 51.6097655, -1.2302197 51.6094975, -1.2297391 51.6092897, -1.2290696 51.6091671, -1.2289364 51.6091599, -1.2286019 51.6091418, -1.2280354 51.6091472, -1.2276406 51.6091578, -1.2269637 51.6090195)",,0,1,0,Tamar Way,B,163641814,,39995,Arranged,F
171,F,5115,SpringGreen,tertiary,"LINESTRING (-1.2356337 51.6134469, -1.2359618 51.61301, -1.2364869 51.6122549, -1.2367018 51.6119458, -1.2368614 51.6117321, -1.2370563 51.611615, -1.2376028 51.6113759, -1.2377069 51.611331, -1.2380803 51.6111525, -1.2387791 51.6108184)",,0,1,0,Cow Lane,B,163641820,,40001,Yes,F
172,F,5122,SpringGreen,residential,"LINESTRING (-1.2251274 51.611177, -1.2253983 51.6111387, -1.2255055 51.6110721, -1.2256236 51.6110438, -1.2258596 51.6110533)",,0,1,0,Bayswater Brook,B,178556510,,41058,Yes,F
173,F,5122,SpringGreen,residential,"LINESTRING (-1.2436164 51.6176894, -1.243438 51.6176148, -1.2433061 51.6174642, -1.2427392 51.6172079, -1.2426298 51.617004, -1.2425032 51.6167682, -1.2420096 51.6164617)",,0,1,0,Dart Drive,B,179187617,,41129,Yes,F
174,F,5122,Red,residential,"LINESTRING (-1.241053 51.6173156, -1.2408867 51.6171457, -1.2409368 51.617048)",,0,1,0,,B,179187618,,41130,No,F
175,F,5122,Red,residential,"LINESTRING (-1.240766 51.616781, -1.2407436 51.6169947)",,0,1,0,,B,179187620,,41131,No,F
176,F,5122,Red,residential,"LINESTRING (-1.2418899 51.6170475, -1.2420574 51.6171985)",,0,1,0,,B,179187622,,41133,No,F
177,F,5122,Red,residential,"LINESTRING (-1.2428715 51.6177952, -1.2428286 51.6179218, -1.2427177 51.6180872)",,0,1,0,,B,179187623,,41134,No,F
178,F,5122,Red,residential,"LINESTRING (-1.2427177 51.6180872, -1.2425524 51.6180417, -1.2421795 51.61809)",,0,1,0,,B,179187625,,41135,No,F
179,F,5122,SpringGreen,residential,"LINESTRING (-1.2436164 51.6176894, -1.243646 51.617671, -1.2436838 51.6176602, -1.2437252 51.6176581, -1.2437653 51.6176648, -1.2437992 51.6176797, -1.2438234 51.6177016, -1.2438337 51.6177266, -1.2438295 51.6177523, -1.2438114 51.6177755, -1.2437962 51.6177863, -1.2437614 51.6178004, -1.2437209 51.6178063, -1.2436797 51.6178032, -1.2436296 51.6177845, -1.2436058 51.6177634, -1.2435951 51.6177384, -1.2435988 51.6177127, -1.2436164 51.6176894)",,0,1,0,Dart Drive,B,179187628,,41137,Yes,F
180,F,5122,Red,residential,"LINESTRING (-1.2429295 51.6186478, -1.2429681 51.6184164, -1.2428679 51.6182071)",,0,1,0,,B,179187630,,41138,No,F
181,F,5122,Gold,residential,"LINESTRING (-1.2381817 51.6180041, -1.2382708 51.6175656)",,0,1,0,Finham Brook,B,353223072,,49827,Arranged,F
